{"last_ts": 1773215582.0310798, "ema": {"HL:BTC": -6.614237036912868, "HL:ETH": -0.2747557995026939, "HL:ATOM": -15.323455789159132, "HL:DYDX": 10.75826519726411, "HL:SOL": -20.550465604239488, "HL:AVAX": 10.95, "HL:BNB": -6.814248029242865, "HL:APE": 3.951526943377886, "HL:OP": 3.4819431974380772, "HL:LTC": -25.229675044572723, "HL:ARB": -9.86462998305576, "HL:DOGE": -12.580797674785662, "HL:INJ": -0.2779570294892455, "HL:SUI": -18.525001613828717, "HL:KPEPE": -22.752166166299283, "HL:CRV": -20.125462531910053, "HL:LDO": 10.95, "HL:LINK": 10.832897043078974, "HL:STX": 10.146358938153222, "HL:CFX": 10.95, "HL:GMX": 9.971841845825864, "HL:SNX": 5.40602500657184, "HL:XRP": -16.305737002873396, "HL:BCH": -9.026532678747396, "HL:APT": -9.26724868599877, "HL:AAVE": 10.943425543578426, "HL:COMP": 10.375759833294126, "HL:WLD": -17.063153647502112, "HL:YGG": -11.084352652533715, "HL:TRX": 10.52593184186258, "HL:KSHIB": -22.01351325582491, "HL:UNI": 8.043463190343552, "HL:SEI": -46.099812436888044, "HL:RUNE": 9.405946423005375, "HL:ZRO": -44.53123078469836, "HL:DOT": -30.021381982620976, "HL:BANANA": -0.32809574044891743, "HL:ARK": -71.967377569147, "HL:BIGTIME": -64.45515721767268, "HL:KAS": -67.1231352318816, "HL:TIA": -0.24673973702381413, "HL:BSV": -82.18151139423846, "HL:ADA": 4.180401630905537, "HL:TON": -2.1552450514104677, "HL:GAS": -114.39487411212332, "HL:PENDLE": 10.95, "HL:FET": 10.95, "HL:NEAR": 0.40497230385850624, "HL:MEME": -13.072035428514667, "HL:ZEN": -13.451526912184942, "HL:FIL": -88.58681449096795, "HL:PYTH": 2.0559109103483575, "HL:IMX": -59.45051668127693, "HL:KBONK": 0.03211432469090569, "HL:JUP": 10.95, "HL:JTO": -27.838859743350547, "HL:ACE": -100.13907230025715, "HL:WIF": -221.8852572192385, "HL:CAKE": 10.95, "HL:PEOPLE": 3.5298580178586847, "HL:ENS": 10.95, "HL:ETC": 7.379087044528308, "HL:XAI": -1355.7654197564043, "HL:MANTA": 3.4621843260325207, "HL:ONDO": 10.936453881961937, "HL:ALT": -68.82339785552333, "HL:ZETA": -42.06123682556302, "HL:DYM": -181.5233728947959, "HL:STRK": -0.9358734137567575, "HL:TAO": -5.6084144938097635, "HL:AR": 10.95, "HL:KFLOKI": -13.01256322089921, "HL:ETHFI": 10.95, "HL:ENA": -14.997366612726488, "HL:MNT": 10.95, "HL:TNSR": 9.661054776340652, "HL:SAGA": 10.95, "HL:MERL": -9.24640635267453, "HL:HBAR": -33.48243433779513, "HL:POPCAT": 10.835115440068279, "HL:EIGEN": -35.90153092588325, "HL:BRETT": -0.19586883183463266, "HL:IO": 8.34950414749811, "HL:ZK": 10.95, "HL:RENDER": -4.60839343643454, "HL:POL": -32.92072910147141, "HL:CELO": -26.22477219507182, "HL:KNEIRO": -13.072227771073283, "HL:MOODENG": -6.170476338310113, "HL:GRASS": -53.32271758640382, "HL:PURR": 10.95, "HL:PNUT": -28.44297827284716, "HL:XLM": 10.95, "HL:ALGO": 10.94739042369019, "HL:HYPE": 2.5124893542436064, "HL:MOVE": -8.42982578162645, "HL:VIRTUAL": 4.328612233750662, "HL:PENGU": -0.4358420209845854, "HL:FARTCOIN": 10.95, "HL:AIXBT": -11.554325574043057, "HL:BIO": -29.405497021969328, "HL:GRIFFAIN": 12.481312420145889, "HL:SPX": 10.95, "HL:S": -5.244463125967968, "HL:MORPHO": -0.19346520689720892, "HL:TRUMP": -44.646514422043104, "HL:MELANIA": -34.36283736341778, "HL:VINE": 59.849428382587035, "HL:VVV": -11.371506702747363, "HL:BERA": 10.366484635302928, "HL:IP": -7.807594663911122, "HL:KAITO": -28.06902145730583, "HL:PAXG": 10.95, "HL:BABY": 7.061934708864101, "HL:ZORA": -49.32768493196413, "HL:INIT": -25.988305416275132, "HL:NXPC": 10.598782697396075, "HL:SOPH": -36.0013951965964, "HL:RESOLV": 10.655250729644118, "HL:SYRUP": 10.385120059367202, "HL:PUMP": 10.95, "HL:PROVE": -54.23645184258281, "HL:XPL": 10.95, "HL:WLFI": 10.216773709758513, "HL:LINEA": 10.95, "HL:SKY": -24.555715460307013, "HL:ASTER": -6.520129512681783, "HL:AVNT": -46.532393591374856, "HL:STBL": 20.56449134945836, "HL:0G": -114.39347486068642, "HL:HEMI": 23.55542657841655, "HL:APEX": 10.95, "HL:2Z": -39.64061371931448, "HL:ZEC": 5.850858857542967, "HL:MON": 3.7265841590304754, "HL:MET": 9.243942193732103, "HL:MEGA": 10.95, "HL:CC": 10.95, "HL:ICP": -1000.4653760425751, "HL:AERO": -46.682062401586165, "HL:STABLE": 10.924040627918073, "HL:FOGO": 10.95, "HL:LIT": 9.880190073445847, "HL:XMR": 10.95, "HL:AXS": -70.99266292421676, "HL:DASH": 10.14463146079294, "HL:SKR": 10.95, "HL:AZTEC": -13.947443379621815, "Aster:TSLA": 0.0, "Aster:MON": -25.400633990962213, "Aster:DEXE": -9.833275084592197, "Aster:1000BONK": 3.9310521690564784, "Aster:\u9f99\u867e": 5.283446713289232, "Aster:SKYAI": 10.202305443322542, "Aster:IP": -15.066484108339868, "Aster:ONDO": 5.85306995822488, "Aster:PIPPIN": 6.37498222662836, "Aster:HANA": 52.91572881924575, "Aster:42": 5.283446713289232, "Aster:CRCL": 11.231207981314858, "Aster:ZEC": -4.039233206083819, "Aster:HYPE": -5.130051188514769, "Aster:AAPL": 0.0, "Aster:TAO": 5.283446713289232, "Aster:FIL": -6.272742984123269, "Aster:PUMP": 6.134775054919308, "Aster:SOL": -9.743970819089968, "Aster:GWEI": 32.93874134919279, "Aster:FLUX": -9.634380515278815, "Aster:META": 0.0, "Aster:ETH": -0.5704459754544525, "Aster:GOOG": 0.0, "Aster:XAG": 0.0, "Aster:CL": 20.908107244718373, "Aster:RESOLV": -12.181321646400688, "Aster:IR": -90.74468079524884, "Aster:PORT3": 6.000377216882467, "Aster:SUI": -12.454799383753686, "Aster:BCH": -8.863698809173794, "Aster:BEAT": 5.283446713289232, "Aster:AVAX": 10.95, "Aster:JCT": 37.94808482680211, "Aster:MKR": 10.95, "Aster:AT": 5.671054606689448, "Aster:1000PEPE": 10.95, "Aster:BANANAS31": 5.2880676407801595, "Aster:XPL": 4.003311339072156, "Aster:ENSO": -36.43018294942991, "Aster:ARIA": -7.169640122193197, "Aster:BNB": 0.0, "Aster:XMR": 5.283446713289232, "Aster:DOGE": -10.870529078047696, "Aster:XLM": -3.458704480612386, "Aster:SAHARA": -325.86784135729357, "Aster:JELLYJELLY": -37.092739895933526, "Aster:USELESS": 17.996794975150074, "Aster:LTC": 10.06223313464128, "Aster:FARTCOIN": 6.000377216882467, "Aster:XPT": 0.0, "Aster:FLOW": -96.74009091554902, "Aster:HEMI": 6.000377216882467, "Aster:ENA": 10.95, "Aster:POWER": 65.37394322735952, "Aster:ALGO": 5.283446713289232, "Aster:VVV": -4.919467374768599, "Aster:SIREN": 24.961957780957672, "Aster:NVDA": 0.0, "Aster:ARC": 1.9299285401762178, "Aster:XAU": 0.0, "Aster:PENGU": 6.000377216882467, "Aster:XRP": -10.398756935232319, "Aster:QQQ": 0.0, "Aster:CYS": 13.443544953060451, "Aster:BULLA": 43.27007943305658, "Aster:ADA": 10.95, "Aster:LIT": 5.283446713289232, "Aster:LYN": -252.93974987586182, "Aster:TRIA": 6.007420055449273, "Aster:MSFT": 0.0, "Aster:PAXG": 0.028275524052105844, "Aster:LINK": 10.95, "Aster:NAORIS": 38.74164072438193, "Aster:DYM": -77.22081060152416, "Aster:WLFI": 16.223556042691914, "Aster:RIVER": 14.093508631220661, "Aster:NB": 5.283446713289232, "Aster:BARD": -154.49152420500826, "Aster:COMMON": 5.283446713289232, "Aster:KITE": -201.9324494996534, "Aster:SIGN": 5.283446713289232, "Aster:AAVE": 4.114413909530663, "Aster:ICP": -288.12416209728974, "Aster:GRASS": -39.93244915363521, "Aster:ROBO": -147.48416490415826, "Aster:OPN": 3.472735194783574, "Aster:BTC": -8.29923742371594, "Aster:UAI": -62.57566322883963, "Aster:H": 47.5493977666577, "Aster:ASTER": 3.626444990929996, "Lighter:AMD": 17.90792438758969, "Lighter:PLTR": 17.90792438758969, "Lighter:SAMSUNG": 47.92647923088315, "Lighter:BTC": 5.597557220185895, "Lighter:ARB": 32.18259807063294, "Lighter:WLFI": 28.89704700716628, "Lighter:KRCOMP": 20.196882190414172, "Lighter:FARTCOIN": 53.723773162769014, "Lighter:1000BONK": 0.8612735778503451, "Lighter:APEX": -27.925869958778087, "Lighter:TRUMP": -374.5370838047596, "Lighter:BOTZ": 17.90792438758969, "Lighter:USDCAD": 0.0, "Lighter:1000PEPE": 17.512995771906063, "Lighter:SEI": -200.58468079027477, "Lighter:USDCHF": -3.2578194902272717, "Lighter:XMR": 53.723773162769014, "Lighter:FIL": -208.21850688725164, "Lighter:MSFT": 17.90792438758969, "Lighter:AAVE": 30.290049731432852, "Lighter:MNT": 53.723773162769014, "Lighter:XPD": 17.90792438758969, "Lighter:XCU": 17.90792438758969, "Lighter:ZRO": -102.90846932553943, "Lighter:PIPPIN": 53.723773162769014,